{"cameraMode":{"drawMode":0,"name":"Shaded","section":"Shading Mode"},"sceneLighting":true,"audioPlay":false,"sceneViewState":{"showFog":true,"showMaterialUpdate":false,"showSkybox":true,"showFlares":true,"showImageEffects":true,"showParticleSystems":true},"in2DMode":false,"pivot":{"x":5.280162334442139,"y":1.7388548851013184,"z":1.9179086685180665},"rotation":{"x":-0.26430702209472659,"y":0.09442245215177536,"z":-0.02601083740592003,"w":-0.959452748298645},"size":13.168928146362305,"orthographic":false}